Epoch,Train_Loss,Valid_Loss
1,0.11032518604770303,0.16497276226679483
2,0.08285243203863502,0.15062352021535239
3,0.07571969926357269,0.1600997050603231
4,0.07409959845244884,0.1445698688427607
5,0.07469288143329322,0.1608367587129275
6,0.07465581106953323,0.15106094380219778
7,0.07351575628854334,0.14363113542397818
8,0.07199547253549099,0.13650975624720255
9,0.07259490340948105,0.14412516603867212
10,0.07453274331055582,0.16107423851887384
11,0.07235967717133462,0.14415265123049417
